{"cameraMode":{"drawMode":0,"name":"Shaded","section":"Shading Mode"},"sceneLighting":false,"audioPlay":false,"sceneViewState":{"m_AlwaysRefresh":false,"showFog":true,"showSkybox":false,"showFlares":true,"showImageEffects":true,"showParticleSystems":true,"showVisualEffectGraphs":true,"m_FxEnabled":true},"in2DMode":false,"pivot":{"x":-0.07830604910850525,"y":0.044808149337768558,"z":-0.1963205337524414},"rotation":{"x":-0.06566113233566284,"y":-0.93051677942276,"z":0.29447999596595766,"w":-0.21024520695209504},"size":0.4721541106700897,"orthographic":false}