{"cameraMode":{"drawMode":0,"name":"Shaded","section":"Shading Mode"},"sceneLighting":true,"audioPlay":false,"sceneViewState":{"m_AlwaysRefresh":false,"showFog":true,"showSkybox":true,"showFlares":true,"showImageEffects":true,"showParticleSystems":true,"showVisualEffectGraphs":true,"m_FxEnabled":true},"in2DMode":false,"pivot":{"x":0.7178189754486084,"y":1.3368853330612183,"z":0.0727984830737114},"rotation":{"x":0.1351996660232544,"y":0.6931495070457459,"z":-0.13320082426071168,"w":0.6963821649551392},"size":1.264142632484436,"orthographic":false}