{"cameraMode":{"drawMode":0,"name":"Shaded","section":"Shading Mode"},"sceneLighting":true,"audioPlay":false,"sceneViewState":{"m_AlwaysRefresh":false,"showFog":true,"showSkybox":true,"showFlares":true,"showImageEffects":true,"showParticleSystems":true,"showVisualEffectGraphs":true,"m_FxEnabled":true},"in2DMode":false,"pivot":{"x":-1.1390981674194337,"y":1.5245476961135865,"z":2.1659300327301027},"rotation":{"x":0.12540192902088166,"y":0.864459753036499,"z":-0.2680997848510742,"w":0.40765270590782168},"size":0.21869108080863954,"orthographic":false}