{"cameraMode":{"drawMode":0,"name":"Shaded","section":"Shading Mode"},"sceneLighting":true,"audioPlay":false,"sceneViewState":{"m_AlwaysRefresh":false,"showFog":true,"showSkybox":true,"showFlares":true,"showImageEffects":true,"showParticleSystems":true,"showVisualEffectGraphs":true,"m_FxEnabled":true},"in2DMode":false,"pivot":{"x":5.740286350250244,"y":2.121490716934204,"z":-0.5586941242218018},"rotation":{"x":-0.22939841449260713,"y":0.48564863204956057,"z":-0.13122153282165528,"w":-0.8338459134101868},"size":0.2508756220340729,"orthographic":false}