{"cameraMode":{"drawMode":0,"name":"Shaded","section":"Shading Mode"},"sceneLighting":true,"audioPlay":false,"sceneViewState":{"m_AlwaysRefresh":false,"showFog":true,"showSkybox":true,"showFlares":true,"showImageEffects":true,"showParticleSystems":true,"showVisualEffectGraphs":true,"m_FxEnabled":true},"in2DMode":false,"pivot":{"x":-1.2868976593017579,"y":2.0486905574798586,"z":0.23664939403533936},"rotation":{"x":0.10107439011335373,"y":0.8987410068511963,"z":-0.2721242308616638,"w":0.3307921588420868},"size":0.2623514235019684,"orthographic":false}