{"cameraMode":{"drawMode":0,"name":"Shaded","section":"Shading Mode"},"sceneLighting":true,"audioPlay":false,"sceneViewState":{"m_AlwaysRefresh":false,"showFog":true,"showSkybox":true,"showFlares":true,"showImageEffects":true,"showParticleSystems":true,"showVisualEffectGraphs":true,"m_FxEnabled":true},"in2DMode":false,"pivot":{"x":-0.956736147403717,"y":1.4029219150543213,"z":0.47703173756599429},"rotation":{"x":-0.1629798710346222,"y":-0.43872135877609255,"z":0.08187517523765564,"w":-0.8805418610572815},"size":0.24956285953521729,"orthographic":false}