{"cameraMode":{"drawMode":0,"name":"Shaded","section":"Shading Mode"},"sceneLighting":false,"audioPlay":false,"sceneViewState":{"m_AlwaysRefresh":false,"showFog":true,"showSkybox":false,"showFlares":true,"showImageEffects":true,"showParticleSystems":true,"showVisualEffectGraphs":true,"m_FxEnabled":true},"in2DMode":false,"pivot":{"x":-0.9209173321723938,"y":0.37071239948272707,"z":-1.1180164813995362},"rotation":{"x":0.040642816573381427,"y":-0.9547721147537231,"z":0.14115358889102937,"w":0.260993629693985},"size":0.5590242147445679,"orthographic":false}